mode,pif_enabled,recovery_ratio,G_ratio,mismatch_peak_5,mismatch_tail,mean_pi_f_final,damaged_edges
classic,False,1.0000000237378222,0.9869243816421696,0.0018552495599806207,9.522928129402198e-09,3.141592653589793,1.0
classic,True,1.0000012189624046,1.0237692769447915,0.01201725114951141,0.004913975991430415,2.558109565834939,1.0
maze,False,0.9984670022864265,1.0,0.11820374621011953,0.033685982156451154,3.141592653589793,3.0
maze,True,1.0087855289720686,1.0,0.27458134940214624,0.003942730986947825,3.728119176649117,3.0
